{
    "normals": [0.959929,0.092166,-0.264595,0.616077,0.362743,0.699149,0.959929,0.092166,0.264595,0.16126,0.594104,0.788049,0.357372,0.501114,0.78811,-0.538926,0.799951,0.263771,-0.11185,0.705863,0.699423,-0.108463,0.706565,-0.699271,-0.53972,0.798059,-0.26783,0.357372,0.501114,-0.78811,0.158086,0.594684,-0.788232,0.616077,0.362743,-0.699149,0.36726,-0.605274,-0.706198,-0.048402,-0.534257,-0.843898,-0.384564,-0.375378,-0.843287,-0.699911,-0.101413,-0.706961,0.348247,-0.897824,-0.269387,-0.16483,-0.929319,-0.330363,-0.614521,-0.716636,-0.329753,-0.914731,-0.300851,-0.269601,0.348247,-0.897824,0.269387,-0.16483,-0.929319,0.330363,-0.61269,-0.717734,0.33079,-0.914365,-0.302255,0.269326,0.36726,-0.605274,0.706198,-0.048402,-0.534257,0.843898,-0.38023,-0.377575,0.844295,-0.700705,-0.101108,0.706229],
    "vertices": [-0.160453,-0.000809,0.1563,-0.155806,-0.003004,0.1558,-0.161231,-0.000441,0.1558,-0.155806,-0.003004,-0.1558,-0.161232,-0.000441,-0.1558,-0.15612,-0.002855,0.156153,-0.160457,-0.000807,-0.1563,-0.16092,-0.000588,0.156153,-0.160783,-0.001495,-0.156153,-0.16091,-0.000593,-0.156153,-0.160917,-0.00178,-0.1558,-0.15612,-0.002855,-0.156153,-0.15635,-0.003342,-0.15605,-0.156446,-0.003544,-0.1558,-0.156446,-0.003544,0.1558,-0.15635,-0.003342,0.15605,-0.156582,-0.002637,0.1563,-0.160913,-0.001782,0.1558,-0.16114,-0.00108,-0.15605,-0.161236,-0.001281,-0.1558,-0.161245,-0.001277,0.1558,-0.16115,-0.001075,0.15605,-0.156582,-0.002638,-0.1563,-0.160778,-0.001497,0.156153,-0.156907,-0.003326,-0.156153,-0.157042,-0.003611,-0.1558,-0.157042,-0.003611,0.1558,-0.156907,-0.003326,0.156153],
    "uvs": [[0.998399,0.961612,0.999531,0.962724,1,0.964356,1,0.978068,0.999531,0.97967,0.998399,0.980806,0.001601,0.980806,0.000469,0.979704,0,0.978053,0,0.964356,0.000469,0.962724,0.001601,0.961612,0.0008,0.981918,0.000469,0.981918,0.000469,0.98355,0,0.98355,0.000469,0.997262,0,0.997262,0.0008,0.998864,0.000469,0.998864,0.001601,1,0.001601,0.981918,0.001601,0.98355,0.001601,0.997262,0.001601,0.998864,0.998399,0.981918,0.998399,0.98355,0.998399,0.997247,0.998399,0.998898,0.998399,1,0.9992,0.981918,0.999531,0.98355,0.999531,0.997247,0.9992,0.998898,0.999531,0.981918,1,0.98355,1,0.997247,0.999531,0.998898]],
    "name": "Untitled.002Geometry",
    "metadata": {
        "normals": 28,
        "vertices": 28,
        "version": 3,
        "generator": "io_three",
        "uvs": 1,
        "type": "Geometry",
        "faces": 35
    },
    "faces": [40,3,5,1,0,10,11,0,1,2,40,0,16,5,8,9,10,3,4,1,40,2,7,0,6,7,8,5,6,3,40,9,4,2,4,5,6,7,8,5,40,22,6,9,2,3,4,9,10,7,40,3,11,22,0,1,2,0,11,9,40,3,0,5,0,8,10,0,3,1,40,9,2,0,4,6,8,7,5,3,40,3,22,9,0,2,4,0,9,7,40,3,9,0,0,4,8,0,7,3,40,12,11,3,12,13,6,12,11,0,41,12,24,22,11,12,14,15,13,12,13,9,11,41,24,8,6,22,14,16,17,15,13,14,10,9,41,8,18,9,6,16,18,19,17,14,15,7,10,40,18,4,9,18,20,19,15,8,7,40,13,12,3,21,12,6,16,12,0,41,13,25,24,12,21,22,14,12,16,17,13,12,41,25,10,8,24,22,23,16,14,17,18,14,13,41,10,19,18,8,23,24,18,16,18,19,15,14,40,19,4,18,24,20,18,19,8,15,41,1,14,13,3,5,25,21,6,2,20,16,0,41,14,26,25,13,25,26,22,21,20,21,17,16,41,26,17,10,25,26,27,23,22,21,22,18,17,41,17,20,19,10,27,28,24,23,22,23,19,18,41,20,2,4,19,28,29,20,24,23,5,8,19,40,15,14,1,30,25,5,24,20,2,41,15,27,26,14,30,31,26,25,24,25,21,20,41,27,23,17,26,31,32,27,26,25,26,22,21,41,23,21,20,17,32,33,28,27,26,27,23,22,40,21,2,20,33,29,28,27,5,23,40,5,15,1,34,30,5,1,24,2,41,5,16,27,15,34,35,31,30,1,4,25,24,41,16,0,23,27,35,36,32,31,4,3,26,25,41,0,7,21,23,36,37,33,32,3,6,27,26,40,7,2,21,37,29,33,6,5,27]
}